Date,INR=X,SGD=X,SNP,^BSESN,^DJI,^IXIC,^N225,^NSEI
01-07-19,,,,,,,,
02-07-19,-0.090360353,0.292187231,0.088439802,0.314391644,0.007838259,-0.05561973,-0.140390904,0.207385168
03-07-19,-0.411826636,-0.007371412,-0.444042974,0.22864347,0.169252485,0.250665899,-0.324423233,0.183360278
04-07-19,-0.429654069,0.051629808,#DIV/0!,0.196447636,#DIV/0!,#DIV/0!,0.473538863,0.100862617
05-07-19,-0.389150188,-0.046482984,99.62825279,0.208384658,99.79805029,99.52816412,0.005334939,0.152398364
08-07-19,-0.433952454,0.334680397,-1.199584679,-0.095586709,-0.32260711,-0.603576067,-0.374247648,-0.352551359
09-07-19,0.172833216,0.02280007,-0.648274225,0.087523159,-0.302505326,-0.454077041,0.295851316,-0.233646874
10-07-19,-0.428273483,0.168920679,0.226383219,-0.074777607,0.254915098,0.505453312,-0.305057295,-0.171755553
11-07-19,-0.375758363,-0.269659081,0.37593985,0.501201564,0.332105255,0.204366986,0.063339875,0.540018498
12-07-19,0.1098024,0.09576754,0,0.304604207,0.188094911,0.159630438,0.353277137,0.157974464
15-07-19,-0.174323388,0.042724638,0.165514011,0.703706672,0.11937558,0.230559458,#DIV/0!,0.537177442
16-07-19,-0.025169595,-0.125357157,0.045785685,0.16648788,-0.035996403,-0.079416666,100.5067546,0.071174365
17-07-19,-0.096088627,0.149520906,0.076951445,0.102159494,-0.054080766,0.014662975,-0.282354247,0.069735963
18-07-19,-0.158608346,0.216901126,0.335151727,-0.028721348,-0.10237362,-0.407569346,-0.628990759,-0.102616994
19-07-19,-0.001019469,-0.25428679,0.693919261,0.420662759,0.086211919,0.418580375,0.467041558,0.271907566
22-07-19,0.00435617,0.238907554,-0.197084984,-0.009182445,0.073533571,0.310818698,-0.33730656,-0.232680458
23-07-19,0.477157047,0.039680951,0.090712971,0.282838185,0.219234959,0.464895045,0.040009427,0.229897539
24-07-19,-0.202849936,0.370508288,-0.30505942,0.019795649,-0.318846029,-0.288890694,0.488722752,-0.076296519
25-07-19,-0.056218334,-0.110694213,0.660624258,0.230951175,-0.083195514,-0.32554691,0.029319474,0.169750539
26-07-19,-0.046272524,0.252306789,0.47444935,0.000525882,0.092009113,0.66936807,-0.260186403,-0.041652521
29-07-19,-0.406561301,0.151921972,-0.061556542,0.425696831,-0.000767722,-0.061620019,-0.141554755,0.207344537
30-07-19,-0.176942209,0.043800582,-0.216081784,0.131474866,-0.279281307,-0.744059054,0.299500673,0.221011413
31-07-19,0.184578832,0.014598085,-0.140258641,-0.372687625,0.173652184,0.21025774,-0.849984613,-0.461868915
01-08-19,-0.111805451,0.308489658,-0.541481658,-0.25377004,0.058644989,0.186659013,-0.742534196,-0.526409879
02-08-19,-0.155852912,0.190308831,-0.499277456,-0.264589576,-0.206757581,-0.683404774,-1.564599904,-0.451928847
05-08-19,0.568210383,0.032687953,-1.807928572,-0.752174604,-0.877912658,-2.339358134,-0.855102392,-0.934857293
06-08-19,2.605003121,0.622281408,1.342611527,-0.356462457,0.356821439,1.001749287,-1.917724439,-0.431111993
07-08-19,-0.68369997,-0.330321819,-0.795629608,0.13196323,-0.827847295,-1.093753765,-0.181513048,0.090733816
08-08-19,-0.091061598,0.180827336,0.279097306,0.314813908,0.301192843,0.730919207,0.061808865,0.396105983
09-08-19,-0.962241963,-0.050641483,-0.898205132,0.516049891,-0.156346948,-0.527320968,0.796723292,0.499117374
12-08-19,0.627997895,0.386267857,-1.184033788,#DIV/0!,-0.45384346,-0.656838462,#DIV/0!,#DIV/0!
13-08-19,0.336682465,-0.033162388,-0.617694361,102.1564926,-0.028761871,-0.137718856,99.8887349,101.9545462
14-08-19,-0.660809879,-0.284928137,-1.748672083,0.737948389,-0.960893454,-1.788408274,1.038728744,0.701764265
15-08-19,0.262435101,0.470812775,0.80327708,#DIV/0!,0.136164613,0.209360747,-1.62151587,#DIV/0!
16-08-19,0.233966677,-0.011518303,0.659903916,100.0874741,0.381593369,0.781788967,-0.400021771,99.96244126
19-08-19,-0.804136768,-0.289557467,1.25187782,0.362526014,0.512901221,1.376890625,0.834794628,0.425189285
20-08-19,0.433358494,0.165074357,0.117331034,0.105180311,-0.188463367,-0.169215496,0.204038317,0.090768812
21-08-19,-0.630835462,-0.16319828,1.454604434,-0.079009597,0.698094888,0.854214116,-0.9081619,0.010535967
22-08-19,-0.532632313,-0.088172344,-0.52622878,0.074595135,0.262492479,0.232501202,0.424180524,-0.124755185
23-08-19,1.150162978,0.166669204,-0.896243457,-0.232281485,-0.460532036,-0.615862368,-0.231903362,-0.385526384
26-08-19,-0.580966063,0.317131351,0.346141861,1.767714626,0.761232805,0.990738887,-1.902521889,1.545962383
27-08-19,0.70371011,-0.167786142,-0.191205654,0.436646737,0.448565855,0.703205583,1.007923511,0.438529151
28-08-19,-0.8732822,0.030235516,0.854852898,0.038716389,-0.249308296,-0.364013426,0.089018482,-0.036662757
29-08-19,0.394387365,-0.049698085,0.742788581,-0.18894277,0.807936479,1.114957387,0.103026003,-0.457146823
30-08-19,-0.564592789,-0.054764729,0.876744288,0.410716786,0.432297154,0.524559207,0.872089102,0.358333522
02-09-19,-0.326501968,0.095039558,#DIV/0!,#DIV/0!,#DIV/0!,#DIV/0!,-0.38127264,#DIV/0!
03-09-19,0.31906606,0.165282417,99.39945353,101.6925665,100.3072217,100.4099458,-0.187195516,101.510014
04-09-19,0.27380956,-0.136667935,1.849675914,0.033568993,0.698036112,0.948364567,-0.225143677,-0.069158523
05-09-19,-0.697649909,-0.430728307,1.505625195,0.264631426,0.926662279,1.03993992,0.716820978,0.150257691
06-09-19,-0.044865741,0.036111502,-2.901746268,0.381723132,0.231736915,0.107983767,0.546664971,0.327962338
09-09-19,-0.812056296,-0.221514801,0.801201041,-0.033083629,0.256263182,0.344241592,0.070315879,-0.086339698
10-09-19,0.586053497,-0.065203984,0.691020059,#DIV/0!,-0.110294747,-0.4633748,0.211061053,#DIV/0!
11-09-19,#DIV/0!,#DIV/0!,2.207076654,99.94690468,0.068618738,0.092047906,0.345223522,99.93475543
12-09-19,#DIV/0!,#DIV/0!,0.307995535,0.160758908,0.221765337,0.450302504,0.75061126,0.205772752
13-09-19,#DIV/0!,#DIV/0!,1.893099634,0.191462211,0.125721187,-0.047695251,0.674089297,0.036114445
16-09-19,#DIV/0!,#DIV/0!,1.938102333,-0.486028036,-0.271298415,-0.675409993,#DIV/0!,-0.736590914
17-09-19,#DIV/0!,#DIV/0!,-3.639314202,0.126510321,-0.246031729,-0.059737659,99.75578525,-0.031433874
18-09-19,#DIV/0!,#DIV/0!,-1.203825115,0.383682111,-0.130438177,-0.139407588,0.060699666,0.509196343
19-09-19,#DIV/0!,#DIV/0!,0.049675078,0.138669912,0.143830989,0.19797073,0.470640019,0.042502473
20-09-19,#DIV/0!,#DIV/0!,-0.016600235,0.319490558,0.02743867,0.024637612,0.390826869,0.372531969
23-09-19,#DIV/0!,#DIV/0!,0.331236766,2.121714616,-0.310282464,-0.137808847,#DIV/0!,2.314615226
24-09-19,#DIV/0!,#DIV/0!,-0.321601956,0.115737364,0.313640708,0.434971597,99.98420626,-0.081979944
25-09-19,#DIV/0!,#DIV/0!,0.419463098,-0.025759263,0.218538571,-0.036765964,-0.622246119,-0.204109942
26-09-19,#DIV/0!,#DIV/0!,-0.783777637,0.274330996,0.124198764,-0.090400608,0.636645551,0.256234561
27-09-19,#DIV/0!,#DIV/0!,-0.085909341,0.034491856,0.358462822,0.207184809,-0.517898728,-0.128996434
30-09-19,#DIV/0!,#DIV/0!,0.97103865,0.130732543,0.119182229,0.305774744,-0.391022884,-0.185194058
01-10-19,#DIV/0!,#DIV/0!,0.341764801,0.381544913,0.172012634,0.347595727,0.345436507,0.360480232
02-10-19,#DIV/0!,#DIV/0!,0.136352512,#DIV/0!,-0.564369174,-0.739222157,-0.645684448,#DIV/0!
03-10-19,#DIV/0!,#DIV/0!,0.97659848,100.0813502,-0.151137553,0.022484262,-1.669913831,100.0729185
04-10-19,#DIV/0!,#DIV/0!,-0.903663709,0.782031625,0.265902382,0.453245359,-0.119384909,0.666235892
07-10-19,#DIV/0!,#DIV/0!,-0.308907334,0.48090238,-0.269622224,-0.327540329,0.166226126,0.192786477
08-10-19,99.45067505,100.0289628,-0.470876277,#DIV/0!,-0.769872293,-0.74158554,0.552305391,#DIV/0!
09-10-19,#DIV/0!,#DIV/0!,1.399933226,98.55964386,0.547298842,0.91324074,-1.062338773,98.5826451
10-10-19,99.5840853,99.97394163,0.22230005,-0.125972144,-0.108165125,0.010311243,-0.000516556,-0.291954776
11-10-19,-0.295867433,-0.49163645,1.235807724,0.299215248,0.736593646,1.198455737,0.908071045,0.204779201
14-10-19,-0.088844994,-0.168394642,-0.472339068,0.2123807,-0.187253083,-0.157665466,#DIV/0!,0.272023427
15-10-19,0.440845057,-0.197227907,-0.473691045,0.264943887,0.088214688,0.321525682,99.3538135,0.172372261
16-10-19,0.42851552,0.112312152,-0.614021156,0.339285933,-0.194394017,-0.355726999,1.211944758,0.319699848
17-10-19,-0.566324331,-0.032099792,0.527924987,0.124073165,0.112486216,0.646450282,-0.096960928,0.01984926
18-10-19,-0.695861449,-0.424265617,-0.205027762,0.091020373,-0.079904616,-0.086531496,0.341005042,-0.051876888
21-10-19,-0.477967666,-0.096075606,0.203982225,#DIV/0!,0.307409452,0.586548329,0.21526999,#DIV/0!
22-10-19,0.105484247,-0.174113635,-0.067557703,100.6918173,0.085071591,0.310080863,#DIV/0!,100.5937065
23-10-19,-0.042217953,0.118911787,-0.74475053,0.256024066,0.175675316,-0.173151895,99.97519897,0.067653555
24-10-19,-0.201504927,-0.013953562,0.287499012,0.420763583,0.223761553,0.736030705,0.439806403,0.49687275
25-10-19,0.341345465,0.13493264,0.268276072,0.464132772,-0.059054404,-0.427143611,0.011581785,0.548612981
28-10-19,-0.508260061,-0.061618664,0.648378021,#DIV/0!,0.30368159,0.512244344,0.238895624,#DIV/0!
29-10-19,-0.134165601,-0.063132319,-1.11694,98.64843913,-0.109526378,-0.152722661,0.363537284,98.78763691
30-10-19,0.210623501,-0.020559664,-1.287183261,0.558748084,0.14437212,0.089483159,-0.0917604,0.819401934
31-10-19,0.148471741,-0.058058349,-0.23013111,0.399005669,0.006210431,0.125409577,0.29214618,0.390240205
01-11-19,0.39805723,-0.009558752,1.752556486,0.166860399,0.353667602,0.509031899,-0.860140959,0.076946616
04-11-19,-0.649393508,-0.295567351,1.40027267,0.319637828,0.199187801,0.700796945,#DIV/0!,0.320742146
05-11-19,0.687182789,0.120789615,0.640049285,0.357061505,0.138659315,0.159104108,99.42714077,0.27942641
06-11-19,-0.148111097,0.053012334,0.813282851,0.157206419,0.036771311,-0.096418165,0.392723296,-0.0476364
07-11-19,0.510567679,0.123498842,1.269202251,0.38338264,0.352665987,0.527362212,-0.088638678,0.458288182
08-11-19,0.431512675,-0.223965887,-0.40147488,-0.057484158,0.041177481,-0.139813293,0.939295397,-0.209095563
11-11-19,-0.037133392,0.180158194,-1.770810674,-0.017621418,-0.36321656,-0.520419968,0.129701382,-0.243004292
12-11-19,0.518337079,0.035280895,-0.276816349,#DIV/0!,0.036471888,0.080013754,0.019257207,#DIV/0!
13-11-19,0.287127985,0.156340628,-0.858891973,100.5742615,-0.249971916,-0.366304499,-0.346313117,100.5730323
14-11-19,0.501240993,-0.00587212,-0.123674376,0.156060031,-0.094991945,-0.248142359,0.024332247,0.154141266
15-11-19,-0.258360617,-0.03892341,0.14050199,0.301607356,0.219883469,0.532277742,0.081441251,0.269855999
18-11-19,-0.461333538,-0.110285153,-0.214283807,0.184654864,-0.041624447,-0.136491265,0.00397018,0.165763771
19-11-19,0.318613099,0.00146382,0.498928697,0.4229534,0.155863937,0.327618889,-0.216378943,0.292712762
20-11-19,0.187753765,0.094028247,0.531254171,0.639830419,-0.19578223,-0.317704938,-0.501802723,0.538793682
21-11-19,0.179752906,0.052129612,-0.035094678,0.211133964,-0.002919176,0.01339784,-0.334569569,0.221840684
22-11-19,-0.039178273,0.06165213,-0.409113042,0.193263479,0.23296848,0.285568323,-0.035694382,-0.009237443
25-11-19,0.058647916,0.095292981,1.718746337,0.196261947,0.150180588,0.460707244,0.772636474,0.066671951
26-11-19,-0.143978159,0.015390184,-0.382937168,0.327331788,0.050776828,0.033651479,0.678507981,0.302800325
27-11-19,-0.350000849,-0.021255859,-0.191872679,0.385391261,0.123530094,0.248819175,0.339321098,0.254529111
28-11-19,-0.281629947,0.051252165,#DIV/0!,0.342643079,#DIV/0!,#DIV/0!,0.090184123,0.258406925
29-11-19,0.446274476,-0.016115025,100.805731,0.019831058,100.1844827,100.190873,0.379064002,-0.041059845
02-12-19,0.267134651,0.112619338,0.285306423,0.684112633,0.209948516,0.086019206,0.402561479,0.672299586
03-12-19,-0.136684664,-0.05269883,-0.507803042,0.12399986,-1.021926807,-1.258949002,-1.276141115,0.162163337
04-12-19,0.14688387,-0.188487941,0.484392626,-0.169980437,0.476749963,0.429694936,-0.834529454,-0.20135844
05-12-19,-0.671509568,-0.066802003,-0.126497126,0.338040581,0.311699335,0.248051678,0.675828939,0.233390499
06-12-19,-0.350502187,-0.13671409,0.556255833,0.426600147,0.577869981,0.734125599,0.203730677,0.242832016
09-12-19,-0.157250289,0.021317726,0.017867339,0.202753903,-0.100358894,-0.065762394,0.810518519,0.147431283
10-12-19,-0.460396553,-0.047082144,0.520928552,0.25193641,-0.032097082,0.02007261,-0.249073566,0.109641726
11-12-19,-0.19418909,-0.082462675,0.621452931,0.112144098,-0.051628394,0.172640903,0.046816167,0.088578266
12-12-19,-0.397006417,-0.117943906,0.260645574,0.366592556,-0.046071783,-0.099680324,0.245124381,0.28524879
13-12-19,-0.027356003,-0.341107031,0.086593758,0.422118008,-0.029891745,-0.039040677,1.605746162,0.451741046
16-12-19,0.169189525,0.237700489,0.103784046,0.388728885,0.199352885,0.640211164,-0.283481127,0.370413129
17-12-19,0.326420023,0.047224578,0.663489959,0.274811745,-0.050024923,0.172714898,0.576617819,0.234278668
18-12-19,0.147574128,-0.029510079,0.626910782,0.217952938,0.085977041,0.127892742,-0.179029164,0.261830432
19-12-19,-0.316944352,-0.015503895,-0.957267305,0.031794464,0.137545561,0.126355514,-0.096245107,0.014274411
20-12-19,0.326866769,-0.005166939,0.339041799,0.173403731,0.814194187,0.275856892,0.120082515,0.055004157
23-12-19,-0.243155792,0.030259649,0.218887447,-0.320050024,0.128502585,0.282150914,0.439350668,-0.296422983
24-12-19,0.261192499,0.053856254,-0.151719746,0.100941363,0.073788126,0.104540384,0.075828253,0.053215224
25-12-19,0.348863838,-0.043539983,#DIV/0!,#DIV/0!,#DIV/0!,#DIV/0!,-0.07143896,#DIV/0!
26-12-19,-0.173330371,-0.017713498,99.58067762,100.923237,99.71374666,99.42166444,0.020188482,100.7034136
27-12-19,-0.112204059,-0.082012539,0.633335114,0.320663753,0.188335589,0.300668595,0.120943099,0.378501908
30-12-19,0.153833184,-0.097624075,0.150804544,0.267406772,0.033377672,-0.024255804,-0.282335423,0.23744242
31-12-19,-0.002813775,-0.290768155,0.083124249,0.119960719,-0.166442177,-0.303702396,#DIV/0!,-0.071907267
01-01-20,-0.049377763,-1.025110596,#DIV/0!,#DIV/0!,#DIV/0!,#DIV/0!,#DIV/0!,0.276627911
02-01-20,-0.353116622,0.785021843,98.85658159,99.31204851,99.20388076,99.42004659,#DIV/0!,0.130675322
03-01-20,0.546102898,0.156656355,0.243819425,0.018982679,-1.101700771,-1.283269036,#DIV/0!,-0.172578632
06-01-20,0.425200113,0.210407784,0.532684443,-0.212086236,-0.590107696,-0.851786244,100.4951566,-0.467360531
07-01-20,0.402571253,-0.04669694,-0.405449239,0.749728748,-0.224607792,0.057009166,0.488891801,0.713931471
08-01-20,0.51690837,0.159109214,-0.543027833,-0.721844564,-0.095804406,-0.006022458,-1.543780123,-0.946754894
09-01-20,-0.742182162,-0.104452735,0.405844166,0.962390742,0.369103246,0.793500894,1.371234588,1.046183885
10-01-20,-0.027251551,0.08586104,-0.492852378,0.278481826,0.071535198,0.321614086,0.307792037,0.449543194
13-01-20,-0.340077024,-0.198773514,0.344775734,0.450295215,0.156502421,0.375885694,#DIV/0!,0.323615957
14-01-20,-0.331029376,-0.118837423,-0.881421536,0.055773471,-0.039913314,-0.035879554,99.76636644,0.02871476
15-01-20,0.544992903,0.118711337,-0.217211481,0.041149618,-0.130447305,0.026242209,-0.425183922,-0.104505394
16-01-20,0.123592778,-0.138974146,0.628932604,0.124027282,0.347224259,0.585115315,0.182254219,0.030753953
17-01-20,0.626530947,0.07277733,0.64250939,-0.008437314,0.05339331,0.375337714,0.708441908,-0.219388296
20-01-20,0.124019135,0.047493669,#DIV/0!,0.764838049,#DIV/0!,#DIV/0!,0.163680137,0.639290541
21-01-20,0.292550892,-0.08688195,101.230561,-0.100038804,100.2500741,99.89606813,-0.044833085,-0.240348081
22-01-20,0.243085787,0.235576752,0.756277826,0.34858079,0.231587654,0.456115009,-0.120968289,0.400597993
23-01-20,-0.14068816,-0.089747391,-1.003984467,0.183927804,-0.25805819,-0.064342646,-0.789394304,0.138334366
24-01-20,0.342248218,0.210248892,-0.069980608,-0.022491366,0.242502362,0.46945694,0.229484514,-0.047352109
27-01-20,-0.001401263,0.244393305,-3.654125366,-0.249086179,-1.567295195,-2.433993439,-1.710451003,-0.42206775
28-01-20,0.461928639,0.209206582,0.378383602,0.352867161,0.203595801,0.67435709,-0.932903062,0.241374358
29-01-20,-0.294677416,-0.002213598,0.543181676,0.39979683,0.339939307,0.523765383,0.40039254,0.487246679
30-01-20,0.097619864,0.266895228,-1.338466318,0.443567644,-0.326718274,-0.688356271,-0.412661433,0.15163097
31-01-20,0.47459009,0.175434145,-2.212473471,0.571508707,-0.164214123,0.277571369,0.737636701,0.540043872
03-02-20,-0.132875348,0.134147159,-0.559199599,-2.564358037,0.22401943,0.428961278,-1.440497251,-2.858321329
04-02-20,-0.255764189,0.445315003,2.10426656,0.751248721,1.030732756,1.32012735,-0.393373217,0.654022503
05-02-20,-0.300561667,0.118157183,1.524163023,0.321641894,0.823122622,1.116136901,1.144450638,0.216716791
06-02-20,0.11379781,0.673766081,1.74280094,0.160917784,0.332645457,0.337445401,1.346840021,0.254158312
07-02-20,0.405765931,0.391025792,-1.081480524,0.214815092,-0.319043306,-0.478028418,0.106680975,0.109107405
10-02-20,0.04893489,0.3996206,0.130328982,0.060681839,-0.364963163,-0.279173193,-0.828301816,0.033246062
11-02-20,-0.063835171,-0.169202777,1.451940669,0.494392556,0.389019343,0.544665675,#DIV/0!,0.635125729
12-02-20,-0.006315432,-0.220049186,0.907605734,0.275973675,0.441299121,0.510583838,99.49709174,0.353240736
13-02-20,0.029738031,0.170735735,-1.066179807,0.340842303,-0.392174174,-0.709638969,-0.048058173,0.150719805
14-02-20,-0.038870372,0.151798881,0.423415949,0.122164583,0.05837169,0.173983675,-0.477933543,0.127956938
17-02-20,0.348457816,0.038120771,#DIV/0!,0.161489867,#DIV/0!,#DIV/0!,-0.840915388,0.152332013
18-02-20,-0.231964005,-0.069128855,99.26335595,-0.032352781,100.1730621,99.44825204,-0.537513981,-0.146339835
19-02-20,0.615862447,0.194047092,0.476194402,0.549652282,0.274327672,0.510017516,0.579167723,0.809008867
20-02-20,0.080609064,0.211585447,-0.703177733,0.029052471,-0.177205104,-0.184386709,1.132412608,-0.057118422
21-02-20,0.391764274,0.512329603,-0.148426398,#DIV/0!,-0.253346208,-0.448593514,-0.219700817,#DIV/0!
24-02-20,-0.333855249,0.031388769,-3.644038259,101.6692947,-2.108238864,-4.209279,#DIV/0!,101.5482561
25-02-20,0.221935011,-0.21733687,0.272266423,0.333873578,0.283773087,0.891405256,101.5215782,0.407696351
26-02-20,-0.245856088,-0.02217304,1.04348003,-0.216372128,0.289720123,0.511530755,-1.031247559,-0.508203844
27-02-20,-0.288297803,-0.060833514,-0.193870629,0.148040927,-1.674994618,-2.763678746,-0.776187289,-0.14828123
28-02-20,0.370640291,-0.195737669,-1.571597514,-1.718637069,-1.951291017,-3.463609373,-2.034817661,-2.243397725
02-03-20,0.830213459,-0.168778662,0.645529076,1.608797824,0.678381521,1.114473163,-1.373551233,1.66714971
03-03-20,0.375555848,-0.280817114,-1.178965551,0.872187544,0.228226471,0.14888938,1.460485191,0.750221671
04-03-20,0.704924736,-0.118930034,0.326480065,0.239575048,1.721132301,1.663431705,-0.879292501,0.427071413
05-03-20,0.946078882,-0.154689338,-1.229270377,0.506281378,-1.603824408,-2.60911662,1.405630452,0.488506564
06-03-20,-0.253741192,0.006506869,-2.042876921,-2.279737807,-2.567461921,-3.143449789,-1.538902201,-2.969662755
09-03-20,0.189468457,-0.484537527,-6.192606444,-1.757886257,-3.657788803,-7.769020106,-2.063274328,-2.367139354
10-03-20,1.54516622,0.652297704,4.343471194,#DIV/0!,2.406174015,3.224730681,-1.126832426,#DIV/0!
11-03-20,-0.270866376,0.422465268,-2.524306559,99.35989733,-1.755722931,-2.615677783,-0.560666644,98.81338846
12-03-20,0.742375989,0.294396317,-7.434536588,-3.736936916,-6.455046226,-7.685158454,-1.894169038,-4.363332985
13-03-20,-0.43015396,0.964531598,6.390109504,-4.586070818,3.334830816,5.188527801,-2.157988987,-4.847223278
16-03-20,-1.989068567,0.105476054,-6.603980949,-3.186492345,-11.23455259,-6.983034666,0.911827671,-3.994611249
17-03-20,1.664559206,0.629164777,1.835255227,0.724351186,1.405687697,2.282415576,-1.617078858,0.981370706
18-03-20,-1.54379678,0.463771906,-5.496739074,1.350040244,-5.270092097,-6.186979539,0.85224254,1.433501717
19-03-20,1.293116299,0.650493068,-4.722349057,-3.87493446,-0.343055241,0.092444969,1.626421275,-4.907151255
20-03-20,1.51410997,0.951813606,4.303564456,0.576915594,0.865552866,1.417100987,#DIV/0!,0.24012486
23-03-20,0.302554293,0.10446061,0.273159415,-8.880100162,-0.783248948,-0.469928371,98.1216655,-10.50885319
24-03-20,1.155328879,0.080343278,3.215792322,4.030100674,5.458897223,4.522597982,1.763737543,3.051509869
25-03-20,0.975932451,-0.684645505,2.397117274,-0.610527395,1.629342988,0.047397859,1.813361977,-0.792270905
26-03-20,-0.21754873,0.243550822,-0.105483619,1.796292719,1.187602253,0.999163273,-1.670870711,1.54083386
27-03-20,-1.498677718,-1.319487721,-3.317956915,2.68665158,-3.021240869,-3.242838178,1.843123287,3.552431097
30-03-20,0.979785566,-0.465993867,1.846414333,-2.071140747,0.185607177,1.04294462,-2.647944201,-3.312359682
31-03-20,-0.086068473,-0.351182435,1.724846282,2.900111726,-0.543229807,-0.442719488,0.512394341,2.887383327
01-04-20,0.942580967,-0.164597197,-5.638544864,0.130335889,-3.293522932,-3.268765438,-1.278081278,-0.165383108
02-04-20,1.62499121,0.926523145,7.002484248,#DIV/0!,-0.579303612,-0.576039759,-0.735127042,#DIV/0!
03-04-20,-0.557428453,-0.273350125,-1.630118712,103.7424594,-0.605674329,-0.136171572,0.744766212,103.3740321
06-04-20,-1.193750482,0.64411282,1.316044763,#DIV/0!,2.826727683,3.627968256,0.203489283,#DIV/0!
07-04-20,-0.348985138,-0.559050751,2.300436433,96.11253746,3.785002831,2.748102718,1.596600131,96.06582672
08-04-20,0.906739464,-0.407718016,0.664322295,-1.221955887,1.022513108,1.093332636,0.504205378,-1.180737873
09-04-20,-0.922871591,0.014036432,1.11764646,2.17341718,1.083881457,0.957982414,0.117647249,2.461613879
10-04-20,0.901502777,-0.635932629,#DIV/0!,#DIV/0!,#DIV/0!,#DIV/0!,0.791346931,#DIV/0!
13-04-20,-0.634800434,-0.184549774,100.2510084,101.6477708,101.3174434,99.20987961,-0.979136781,101.2241764
14-04-20,0.966723898,0.014139119,0.251056888,#DIV/0!,1.251790349,1.888151055,0.544332308,#DIV/0!
15-04-20,-1.289333618,-0.099773384,-3.335342239,102.9536024,-1.484997749,-1.9036918,-0.253505469,103.0374395
16-04-20,0.737056066,0.856903012,0.202508044,-0.9290083,0.167011139,1.007114802,-1.237877638,-0.823434373
17-04-20,-0.455845752,-0.084285335,0.238851369,3.336856603,1.152813512,1.562057061,1.435626785,3.568137595
20-04-20,-1.319229583,0.004915415,-1.930111214,1.47708781,-0.623204593,-1.130274642,-1.054496415,1.332889223
21-04-20,0.041966117,-0.19564236,-2.066115637,-2.649796672,-1.238937092,-1.210664999,-0.981750061,-2.726724624
22-04-20,0.617126395,0.71638053,1.223737485,0.699276064,1.782510595,2.016617718,-0.896645756,0.493069843
23-04-20,0.033513413,-0.124595842,1.084959285,0.837641674,0.286067566,0.393889884,0.901157464,0.483683557
24-04-20,0.029440393,-0.297755333,0,-1.393232236,0.475201632,0.409172485,-0.506593698,-1.638556253
27-04-20,-0.197978245,-0.091336722,0.668012158,1.045325024,0.376571188,0.956006946,0.752353957,1.134415036
28-04-20,0.503370205,-0.220402584,2.225366108,1.117345311,0.926872412,1.109819525,-0.035612504,1.145945437
29-04-20,0.364472852,-0.247805986,3.586824774,0.600606875,1.578389945,2.187056308,#DIV/0!,0.28994248
30-04-20,-1.136078632,-0.406241242,-1.026574342,1.960491958,-0.198347229,-0.041514247,99.56417194,2.029943333
01-05-20,0.609485034,0.038976005,-1.412547391,#DIV/0!,-0.948172107,-2.420232086,-1.028162268,#DIV/0!
04-05-20,-0.170630881,0.617778878,-1.979767904,103.256439,-0.598484672,-0.569757035,#DIV/0!,102.5824501
05-05-20,0.038886275,-0.229536188,1.671244115,1.486482064,0.875603178,1.123269907,#DIV/0!,1.476279617
06-05-20,0.420112515,0.008475751,0.384041624,0.391725283,0.404785423,0.740650465,#DIV/0!,0.22867461
07-05-20,0.499013005,0.383865352,0.722175317,-0.025635115,0.722780629,1.329567299,98.9517031,-0.400591221
08-05-20,-0.093712789,-0.670912925,1.437197773,2.022392112,0.953214559,0.846692031,1.473407943,1.922935639
11-05-20,-0.734856397,0.0028346,-0.082912727,1.228218099,-0.309103806,-0.722451056,0.758389497,1.046090447
12-05-20,0.527578997,0.292066764,-0.170071916,-0.695834327,0.298128623,0.364458377,0.110820878,-0.764967161
13-05-20,-1.244051003,0.102189711,0.885720111,4.594863638,-0.269353147,0.039489258,-1.112942131,4.131169959
14-05-20,-0.335162032,0.04369635,-0.890336274,-1.742380884,-0.84193564,-0.840029486,-0.635510668,-1.855017466
15-05-20,0.077895931,0.232064095,-0.441307953,0.557560533,-0.719893361,-1.15068841,1.17285145,0.433961292
18-05-20,0.441834721,0.266432609,4.904799145,0.501280079,1.522766702,1.76062601,0.298744625,0.243109912
19-05-20,-0.29100653,-0.558613843,0.585648967,1.396732654,-0.082161306,-0.080239927,1.643330301,1.559281925
20-05-20,0.131446437,-0.091720155,0.908337405,-0.118694772,1.01351354,1.285445097,0.102164904,0.110855634
21-05-20,-0.290315683,-0.292199484,-2.214173033,0.276985625,-0.047523097,-0.006352734,0.474104617,0.141665237
22-05-20,-0.204957064,0.25755681,-4.422000571,-0.359021179,-0.049616155,-0.067885861,0.155181594,-0.424256541
25-05-20,0.473778519,0.46564011,#DIV/0!,#DIV/0!,#DIV/0!,#DIV/0!,1.278827842,#DIV/0!
26-05-20,-0.146372905,-0.016854546,99.1662987,100.832978,99.14675496,101.7236236,0.875882932,100.7830303
27-05-20,-0.818383883,-0.504722745,0.812827171,0.581576682,1.188031479,0.062687683,-0.102054904,0.570592322
28-05-20,0.08629544,0.197261419,1.875135441,0.691229817,0.586953085,-0.206747117,0.883679402,0.52686486
29-05-20,-0.223799593,-0.134091517,0.252469882,-0.491303639,-0.301343044,0.140775109,-0.496755786,-0.708739971
01-06-20,-0.591684949,-0.376141052,-4.655825754,1.447147865,-0.157484239,-0.193154304,0.149575812,1.491426437
02-06-20,0.286286141,-0.239292122,-0.353747179,0.433612924,0.417594919,0.150706664,0.506722591,0.548137817
03-06-20,-0.606137295,-0.608004344,1.224752221,1.055068219,0.625166169,0.449043398,1.430104476,1.284098353
04-06-20,0.346673152,-0.170347736,-1.953037954,-0.109000295,-0.165134645,-0.345886276,1.195734779,-0.072786242
05-06-20,-0.081861651,0.045078639,2.451394452,0.635372148,2.04706897,0.893924525,-0.361533987,0.637933701
08-06-20,0.035491101,-0.409746861,-0.361929241,1.611650499,0.44228665,0.094313223,1.114198335,1.815593938
09-06-20,-0.155896904,-0.27607266,0.42157874,0.442360346,-0.458598317,-0.578270203,-0.183233698,0.136365801
10-06-20,-0.152699429,0.172633748,-1.510567428,0.211548782,-0.075621207,0.584513663,-0.65742543,0.256512782
11-06-20,0.481312986,-0.34293897,-4.264535911,-0.096484635,-2.815487443,-2.413524494,-1.23228227,-0.222690176
12-06-20,0.674171218,0.640637069,1.654961113,-3.261256942,2.0747464,2.327083949,-1.751995507,-3.58020025
15-06-20,-0.570189668,0.057377433,-1.743124227,-0.332060866,-1.300882483,-1.664701363,-0.790540797,-0.545673703
16-06-20,0.185186896,-0.382238257,2.147865188,1.859586076,2.143476416,2.261152779,1.688673641,2.028440684
17-06-20,0.555351853,0.321458338,0.202840105,-0.49812148,0.15520547,0.478677243,-0.289771146,-0.377484435
18-06-20,-0.477068861,0.015061095,0.022690871,-0.398743397,-0.395551236,-0.181531874,-0.410990883,-0.177378228
19-06-20,-0.087567817,0.020807383,1.272432583,0.36660461,0.514079975,0.996168123,0.713068049,0.266971305
22-06-20,-0.187662933,0.29682737,-0.24931278,0.459165623,-0.024518228,-0.006263452,-0.557552733,0.721056792
23-06-20,-0.332627972,-0.516214474,-0.228411322,0.294690629,0.513951581,0.733855426,0.88159372,0.350969344
24-06-20,0.066387045,-0.053225018,-1.308099838,0.71498676,-0.641118683,-0.3880264,-0.035683418,0.565243138
25-06-20,0.476764341,0.228901539,-0.208526768,-0.986134097,-0.313524452,-0.097929223,-1.107158613,-0.677915009
26-06-20,-0.566590578,-0.194808762,-0.991029161,0.860587893,-0.415382244,-0.224243006,0.731074506,0.866801502
29-06-20,0.105784735,0.15574185,0.234903629,-0.698826355,0.534847254,0.146848077,-1.168578497,-0.688974458
30-06-20,-0.133418664,-0.03660107,-1.644420023,0.59222829,-0.322982523,0.011329899,1.525746596,0.681406911
01-07-20,-0.188775897,0.020092607,-0.023902274,0.264832758,0.258403247,0.048257698,0.226746078,0.20805457
02-07-20,-0.096086714,-0.001428527,1.15821177,0.528825945,0.780097232,1.117203899,0.275215959,0.597060178
03-07-20,-0.776090582,0.11325758,#DIV/0!,0.504365675,#DIV/0!,#DIV/0!,0.542215608,0.596284674
06-07-20,-0.055841808,-0.091839585,97.61904722,0.800385922,98.89318334,99.2977481,0.153158358,1.082346562
07-07-20,-0.096237159,-0.107046932,-2.945172757,0.471908875,-0.444259301,-0.204859394,-0.285385579,0.362967479
08-07-20,0.688722328,0.292399659,0.995576892,0.175780656,0.229716568,0.623873824,-0.593084146,0.177474722
09-07-20,-0.272221302,-0.314205791,-0.44853277,0.331212123,0.107525591,0.675212501,0.016202866,0.460535757
10-07-20,0.531050037,0.086935928,-1.059754762,-0.498881956,-0.060364536,-0.017328506,0.025488713,-0.458305699
13-07-20,-0.193855048,-0.036673847,-0.250220196,0.780330406,0.574141973,1.082487016,1.321059608,0.775730171
14-07-20,0.386343656,-0.022309928,-0.950007188,-0.489578635,-0.156256804,-0.768357997,-0.676809792,-0.488817545
15-07-20,0.165398617,0.050337403,-0.938644333,0.781384169,1.366651812,0.835408085,1.006299234,0.881979892
16-07-20,-0.599130415,-0.090689573,-1.463417141,0.957977883,-0.462055854,-1.017966841,-0.164859333,0.819370653
17-07-20,0.392549805,0.196139862,-0.516668381,0.205483586,0.149626121,0.254108057,0.163950692,0.110531426
20-07-20,-0.369972758,-0.177060156,0.676141536,1.039286851,-0.04370231,0.212026665,0.333005197,0.88684653
21-07-20,0.123612677,-0.105169005,0,1.066748203,0.567321956,0.662805718,0.314192,0.93081067
22-07-20,-0.294237302,-0.412155888,2.241949697,0.654164899,-0.058653402,0.067435447,-0.406435877,0.619353949
23-07-20,0.066831131,0.153737398,-1.143612148,-0.14839266,-0.187109872,-0.158963916,#DIV/0!,0.021402535
24-07-20,0.300770759,0,-1.725684617,-0.500614794,-0.449264878,-1.611568753,#DIV/0!,-0.585127033
27-07-20,-0.109277382,-0.252585298,0.133158836,0.386035183,-0.083584336,0.555419616,99.03195172,0.277130472
28-07-20,0.320261637,-0.264153059,-1.478956802,0.305118784,-0.209711235,-0.260229784,0.084607846,0.197333803
29-07-20,0.119851301,0.063106731,0.655221253,-0.172836433,0.034515089,0.688710631,-0.506718222,-0.211101772
30-07-20,-0.345840629,-0.288078498,-1.465200058,0.507999951,-0.654224663,-0.876671533,0.412417337,0.463425494
31-07-20,-0.063210334,-0.247948433,-1.881908418,0.297308796,0.36203469,1.430026076,-0.32998906,0.337289722
03-08-20,-0.096235844,0.215395626,0.558143438,-0.030211902,0.427536334,0.948106166,1.07040325,-0.145987653
04-08-20,0.547193572,0.116257385,0.593061863,0.406649803,0.000778965,-0.044877799,0.816701296,0.496165307
05-08-20,-0.106314726,-0.303922688,1.791310434,0.54283365,0.354055933,0.242764351,-0.417233314,0.544964018
06-08-20,-0.200316659,-0.202290601,-0.111183535,0.745481413,-0.112094208,-0.075800041,-0.192427435,0.750434608
07-08-20,0.023499412,0.001462701,-1.841330626,-0.195525213,-0.238033163,-0.322769068,0.069990813,-0.120384698
10-08-20,0.169408087,0.254955989,0.113018163,0.334847051,0.196932832,0.207414776,#DIV/0!,0.498664112
11-08-20,0.100126916,0.071336406,1.237343594,0.492779079,0.614735162,-0.238343908,98.92427304,0.460142278
12-08-20,-0.267018617,-0.013104786,0.683868401,-0.223830188,0.619548452,0.865398889,-0.012260489,-0.296239953
13-08-20,0.130390921,-0.147316326,-0.73858959,0.227122448,-0.194754354,0.132398616,1.2017339,0.234054558
14-08-20,0.343724414,0.11655379,0.574454996,0.323288609,-0.242708704,-0.00235737,0.319075101,0.472783292
17-08-20,-0.169816433,-0.20145058,2.553653391,0.485484037,0.140173733,0.574588895,-0.432437058,0.626828271
18-08-20,0.129597982,-0.170352525,-1.100594314,0.088033863,0.0308528,0.365891689,0.00455849,0.111548576
19-08-20,-0.274084947,-0.304326014,0.353434605,0.516823521,0.119848322,0.035526624,-0.229982645,0.585540295
20-08-20,0.51356354,0.47685456,-0.952381596,-0.865743703,-0.253070851,-0.444383414,-0.46777273,-0.804000935
21-08-20,0.297607815,-0.224672814,0.287923032,0.654457924,0.065879603,-0.057548452,0.620151657,0.85696119
24-08-20,-0.104244844,0.378385749,1.306332397,0.340838478,0.520162507,1.207852202,-0.030895823,0.35233564
25-08-20,-0.701340282,-0.093409124,-0.479409945,0.384572336,0.137915528,-0.082756577,1.104146514,0.406628291
26-08-20,0.070511889,-0.172526118,0.303028977,0.220865419,0.033324273,0.429919713,-0.170533639,0.351523955
27-08-20,0.010101946,-0.21243431,-2.468586748,0.561467397,0.183033474,0.198969318,0.086948209,0.516471184
28-08-20,-0.366110014,0.048333869,0.665481865,0.382624821,0.380470542,0.546703601,0.102441832,0.375186277
31-08-20,-0.883509181,-0.598900464,1.569305556,1.089460222,-0.035909132,0.196847406,1.143012015,1.141165272
01-09-20,0.735298839,0.197735791,-1.309656299,0.323157711,0.033368384,0.632345789,-0.216651197,0.669556502
02-09-20,-0.545928135,0.021321489,-0.675217725,-0.020877423,0.313152373,0.892384816,0.529181122,0.071953227
03-09-20,0.259394321,0.176893804,-0.573394515,0.204584779,-0.034640634,-1.697838609,1.181903209,0.270659988
04-09-20,0.570481054,0.240143176,1.091909388,-1.736158424,0.171754804,-0.546792759,-1.444528237,-1.526840488
07-09-20,-0.215035832,-0.030769604,#DIV/0!,-0.188453037,#DIV/0!,#DIV/0!,-0.259675687,0.226771352
08-09-20,0.488395189,0.127349689,99.01211847,0.210710551,101.543004,100.4886733,0.424676841,0.20764579
09-09-20,0.185392306,0.358059067,-0.361499895,-0.986525997,0.754533861,1.948285019,-1.333939925,-0.87559851
10-09-20,-0.321949025,-0.335106572,0,0.831499402,0.297949205,0.860569897,0.692611924,0.745025261
11-09-20,0.272003669,0.16285651,0.457144601,0.063960494,0.286562303,0.833648625,-0.516266397,-0.012649497
14-09-20,-0.066140677,-0.169696071,-0.068994433,0.564963836,0.189686648,1.416250295,0.104714151,0.661712113
15-09-20,-0.128502161,-0.205996732,0.458507033,0.379166161,0.52304537,1.227038784,-0.513627222,0.40922765
16-09-20,-0.006636953,-0.189552804,0.045999213,0.296823644,0.128743413,0.287406476,-0.126344995,0.143481573
17-09-20,-0.047591204,-0.138329474,-0.643675355,-0.467449029,-0.710348042,-2.331928379,-0.252623285,-0.565724649
18-09-20,0.311620312,-0.168736729,-0.395712692,0.56780964,-0.134182177,0.585270838,0.007792333,0.591049929
21-09-20,-0.066370261,0.10892883,-1.253544926,-0.087103076,-0.636182768,-1.699081793,#DIV/0!,-0.010225195
22-09-20,0.061165967,0.243865043,-1.131433307,0.441432044,0.082968616,0.86194004,#DIV/0!,0.459044291
23-09-20,-0.104627428,0.243994814,-1.037810652,1.037641775,0.468629483,-0.120561908,99.56910179,0.944134291
24-09-20,0.68719816,0.565436291,-1.199998856,-1.056646051,-0.175425115,-0.768071898,-0.56952208,-1.11840315
25-09-20,0.178613956,0.175312625,0.519928417,1.172251321,-0.445020466,0.075048197,0.558120626,0.948852614
28-09-20,0.023064385,0.125715085,1.282368601,0.967809581,0.682204446,1.536495141,0.79680517,0.806940169
29-09-20,0.088541201,-0.374959649,-0.347910994,0.514126732,-0.086768686,-0.076951566,-0.429579475,0.543999524
30-09-20,-0.433339684,-0.190787144,0.716750142,0.251318829,0.223098192,0.068505789,-0.259864957,0.196040961
01-10-20,-0.189945575,-0.219830078,0.322503259,0.884484798,0.57134921,1.099018774,#DIV/0!,1.023919599
02-10-20,-0.389258848,-0.132049552,-1.473895005,#DIV/0!,-1.013299445,-2.202971214,101.1502455,#DIV/0!
05-10-20,0.143884084,-0.020547595,0.661603648,99.95659132,0.506629705,0.830274885,0.962498081,99.86482368
06-10-20,-0.282599932,-0.257399129,0.9791866,0.916347599,0.236201263,-0.161009463,0.460574076,0.858318893
07-10-20,0.957397768,0.204042795,0.414133951,0.146997589,0.701679593,1.03021736,-0.688564604,0.143537143
08-10-20,-0.370532783,-0.23027951,0.241609786,0.809729863,0.159710196,0.689520486,0.353191876,0.815834793
09-10-20,-0.357531716,-0.085426649,-0.220156923,0.107575106,0.378143863,0.575297784,0.282768589,0.14646552
12-10-20,-0.363764755,-0.177177079,0.072601112,0.511065565,0.292045749,1.283145127,-0.131370715,0.497442437
13-10-20,0.458070719,0.167298182,0.096480744,-0.00310573,-0.253036234,0.214937745,0.462723323,0.031004192
14-10-20,0.091683307,0.244801968,-4.825119934,-0.005687774,0.180578784,0.213871173,-0.237523938,-0.142841352
15-10-20,-0.173955041,-0.21950132,-1.206049246,0.637610463,-0.668906706,-1.78293411,-0.333009242,0.448620053
16-10-20,0.37316661,0.193362111,-0.360544381,0.520719607,0.267498615,0.410913046,-0.123149514,0.400008336
19-10-20,0.099122977,-0.166492545,0.2069271,0.830018675,0.096612267,0.529496554,0.56211338,0.983319382
20-10-20,-0.068096821,0.083206016,-0.41764511,-0.02790153,0.178141451,0.459777191,-0.353297326,-0.101286101
21-10-20,-0.129398511,-0.120882328,0.157061669,0.547247015,-0.135157028,0.121025587,0.205082801,0.51727097
22-10-20,0.105181902,-0.081895753,0.948472053,-0.433941223,-0.047244927,0.367454033,-0.485088976,-0.400542934
23-10-20,0.052501245,0.108344923,4.560982309,0.417599252,0.16230566,0.259778939,0.359071646,0.515074556
26-10-20,0.15442148,0.073665009,-1.153377229,-0.089021886,-0.540899187,-0.9476291,0.017831755,0.059916137
27-10-20,0.425428611,0.243954633,-0.86249004,0.132219512,-0.124534595,0.440887697,-0.49978669,0.330963784
28-10-20,-0.18101528,0.052144924,-3.619445488,0.35631571,-1.361423527,-1.821459196,-0.483341628,0.283037954
29-10-20,0.853038844,0.201555317,0.179256584,-0.96928428,-0.146174238,0.532824913,-1.061849147,-0.825134578
30-10-20,-0.236995721,0.145677063,0.203411715,0.075651782,-0.327677744,-0.752595345,-0.048868223,0.065711454
02-11-20,0.594628267,0.108952146,1.937217078,0.669831027,0.704472905,0.902207218,0.573542045,0.470893055
03-11-20,-0.125840207,-0.254291613,0.577065827,0.579148875,0.777432475,0.726215618,#DIV/0!,0.552755785
04-11-20,0.526679979,-0.522842068,-1.294574492,-0.22015378,0.117786489,2.443314532,99.68073579,-0.253183782
05-11-20,-0.625306758,-0.041252597,0.727456449,1.199754589,0.830248301,1.896822289,0.335896336,1.269773794
06-11-20,-0.350775091,-0.489304495,0.288667146,0.235364917,0.031603451,-0.176787637,-0.119458657,0.296411614
09-11-20,-0.194922386,-0.298459115,3.654109306,0.894209249,3.925170279,1.292748233,0.980720393,1.090201773
10-11-20,0.216626222,0.006682234,2.668111894,0.836044299,0.326975564,-0.790556931,0.993595972,0.754887451
11-11-20,0.699099591,0.102340292,2.141327588,0.381730075,0.35183001,0.87210497,0.947037887,0.388261166
12-11-20,0.46023962,0.016308728,-0.697927384,-0.696035053,-0.569875292,0.13724061,0.351672814,-0.370347029
13-11-20,0.135844296,0.002961008,-0.855824868,-0.1341287,0.419712564,0.721519091,-0.45395426,-0.244494742
16-11-20,-0.369456816,-0.143319552,2.026884541,#DIV/0!,0.642891496,0.149447487,1.029918696,#DIV/0!
17-11-20,0.083718392,-0.12415179,-0.914116277,100.3256696,-0.504607657,-0.090595559,0.52478005,100.4528421
18-11-20,0.083249652,-0.210072635,-0.346095282,0.058549474,0.312689273,-0.02779516,-0.598832079,-0.108983718
19-11-20,-0.080220389,0.041716904,-0.781760296,-0.637185204,-0.228943704,-0.189501217,-0.387800727,-0.773193846
20-11-20,-0.432386161,0.214117637,-1.272762827,0.301214472,-0.156031188,-0.101305747,-0.577849464,0.324286755
23-11-20,0.02723079,-0.116131847,0.818791358,0.639610059,0.234325343,0.520090598,#DIV/0!,0.783277686
24-11-20,0.110579866,0.024558382,-0.235446506,0.593048206,0.5153385,0.487673168,98.99050384,0.583290209
25-11-20,-0.384126987,-0.16625132,0.063168621,0.517273004,0.042276069,0.141384515,1.151961469,0.582106694
26-11-20,-0.245189509,-0.110487748,#DIV/0!,0.315158396,#DIV/0!,#DIV/0!,-0.155964079,0.369983866
27-11-20,0.363136228,-0.064243463,100.207905,0.147889886,100.0032127,99.61764299,-0.026388915,0.193152139
30-11-20,-0.153494032,-0.097192383,-4.259090708,#DIV/0!,-0.188468074,0.150838449,0.701336699,#DIV/0!
01-12-20,0.113876329,0.163472643,2.01577165,99.50820488,0.532657596,0.927714233,0.711450491,99.64261628
02-12-20,-0.48251998,-0.175725179,2.013566674,0.166027299,-0.431103559,-0.561650926,0.363610473,0.094180428
03-12-20,0.010315787,0.047849483,-0.064430366,0.636261747,0.123595627,0.160696127,-0.226337618,0.773188479
04-12-20,0.374203904,-0.301417535,-1.192030904,0.073784495,0.066320879,0.177633309,-0.419081037,0.328090181
07-12-20,-0.101097599,0.035979414,-0.348507619,0.044843612,0.049117509,-0.025802569,0.538695138,0.047169232
08-12-20,0.026479216,0.207239838,-3.73236104,0.310977109,-0.238086191,-0.133359142,-0.631422658,0.284475107
09-12-20,-0.254587717,0.079236393,-0.440525439,0.612811053,0.186005653,0.072298683,0.220970615,0.481550258
10-12-20,0.122941245,-0.019436734,-0.046137159,-0.226454306,-0.120868868,-0.736754745,-0.483772952,-0.301222038
11-12-20,-0.282526859,-0.191002744,2.07863086,0.217881908,-0.03677259,-0.557604261,-0.087761403,0.251593743
14-12-20,0.015323352,-0.030723582,1.201819983,0.401456445,0.259668415,0.559245085,0.026221945,0.424841031
15-12-20,0.165179592,-0.065221487,0.451774929,0.073340599,0.190531047,0.819525513,-0.18484103,-0.080706933
16-12-20,-0.135842062,-0.118591908,0.450553651,0.664581613,-0.026296829,0.126246076,0.552183687,0.696134525
17-12-20,0.088288256,-0.247643048,0.269176597,0.230024724,0.202818826,0.56867423,-0.048123809,0.224512644
18-12-20,-0.016051551,-0.182511643,0.534397383,0.288921827,0.036086705,0.314995473,-0.116355306,0.17223291
21-12-20,0.100265658,0.399620831,-1.871290964,-0.062588891,-0.066357172,-1.251714778,0.264684708,-0.139922373
22-12-20,0.448639789,0.113315831,-0.53105411,-0.05293048,-0.054138677,0.333388993,-0.586652868,0.336024006
23-12-20,0.094517386,0.178290177,0.755144189,0.14126501,0.103620575,0.211575243,0.543035657,0.052938332
24-12-20,-0.582610843,-0.229743993,0.675065811,0.63718553,0.086390585,0.15954797,0.413675065,0.516761142
25-12-20,-0.383368833,-0.241834884,#DIV/0!,#DIV/0!,#DIV/0!,#DIV/0!,0.14911874,#DIV/0!
28-12-20,0.178049224,0.075269585,99.68999249,99.57730875,99.60288005,100.1179877,0.129141467,99.58156875
29-12-20,-0.195940175,0.076737671,0.3551606,0.237059014,0.290415902,0.513374308,0.298719941,0.26663663
30-12-20,0.149890265,-0.166521319,0.375944226,0.368517402,0.261167608,0.437374041,-0.032978885,0.345450961
31-12-20,-0.436999652,-0.318987171,-0.941708516,0.014430227,0.026399893,0.055010006,#DIV/0!,-0.085469954
01-01-21,-0.061294696,-0.124089153,#DIV/0!,#DIV/0!,#DIV/0!,#DIV/0!,#DIV/0!,#DIV/0!
04-01-21,0.003830772,-0.082528605,98.75166882,99.8596235,101.3353015,102.04804,101.1636401,99.79798357
05-01-21,-0.00068677,-0.028026088,2.333187267,-0.287320912,-0.064625177,-0.255869468,-0.393981569,-0.406704461
06-01-21,-0.207156168,-0.202695891,1.90374201,0.371317907,-0.093483208,-1.199372801,-0.206170073,0.293011896
07-01-21,0,0.018223652,1.914579993,0.728377203,0.23123931,0.968433088,1.034995016,0.760397125
08-01-21,0.503775224,0.539935591,0.663624402,0.761727575,0.091482557,0.70246474,0.817404763,0.84372114
11-01-21,-0.098947739,0.334940233,-0.833162966,0.953528224,-0.266381985,-1.175169882,#DIV/0!,0.875402093
12-01-21,0.551737465,0.094722921,1.339013664,-0.082917994,0.020343029,0.19606059,99.43200975,-0.075189568
13-01-21,-0.135987061,-0.551012516,1.406217193,0.498704266,0.052128657,0.118669641,-0.085183202,0.524204584
14-01-21,0.006829657,0.202994032,0.761568828,-0.119982243,0.081310046,0.349279824,-0.048293434,-0.101399087
15-01-21,-0.109324493,-0.07626917,0.137957612,0.147958125,-0.210129987,-0.098005599,0.277746199,-0.008660288
18-01-21,0.097590013,0.558064364,#DIV/0!,0.054663388,#DIV/0!,#DIV/0!,-0.993194197,0.137239675
19-01-21,0.041269723,-0.088686428,99.39313541,0.680264578,99.86065669,99.511644,0.570239473,0.622199919
20-01-21,0.004513515,-0.24023019,0.52819994,0.221922661,0.279012661,1.080236432,0.579454446,0.11710321
21-01-21,-0.389522315,-0.224190067,0.450792019,0.613502631,0.030885628,0.47469437,0.650802607,0.591144162
22-01-21,0.060319932,-0.193543515,-4.021766972,-0.060993026,-0.111137337,-0.414238641,-0.617014371,-0.048352817
25-01-21,0.056168038,0.407327113,-1.440866926,0.775924149,-0.023032492,1.013130607,0.233990458,0.743733091
26-01-21,-0.035496497,-0.064038677,-1.140067967,#DIV/0!,0.027639301,0.335603202,-0.441349009,#DIV/0!
27-01-21,-0.068708496,-0.198514194,-0.433613634,102.0572727,-0.142756569,-1.051041372,0.416131582,101.936282
28-01-21,0.160198573,0.408976182,0.73846279,-1.227450108,0.24186734,0.395064834,-1.652425674,-1.13695707
29-01-21,-0.134777036,-0.088065568,-1.539433932,1.186345999,-0.164926281,-0.401206271,0.445718252,0.946487674
01-02-21,-0.044160672,0.134588103,1.16545553,0.683488729,0.238685101,1.160074145,-0.050978202,0.868274363
02-02-21,0.29157056,0.132883349,1.213992122,1.190119465,0.211717294,1.02631467,0.410510507,1.364701437
03-02-21,-0.232869481,-0.022534718,0.429102789,0.862269181,0.00706272,0.775349814,0.420787934,0.723807584
04-02-21,-0.077542158,0.030026063,0.410257975,-0.085944109,0.045658654,0.461030112,-0.314159982,-0.006044655
05-02-21,0.175606693,0.356182791,0.142391568,0.82217262,0.121840501,0.340203728,1.00597593,0.38158848
08-02-21,-0.221068047,-0.230973639,-0.244745941,0.808282209,0.136874126,0.577365214,0.178269136,0.926512699
09-02-21,0.198962911,-0.047277585,0.748387453,0.263906819,-0.082480388,-0.148627795,0.159660704,0.320005471
10-02-21,-0.101987206,-0.522002633,0.061067766,0.052256516,0.166008601,0.61298428,-0.315864859,0.064541754
11-02-21,-0.065377778,0.045231013,0.492707592,-0.278568889,0.091278444,0.518186808,#DIV/0!,-0.219134931
12-02-21,-0.134499034,-0.147260649,-0.285131149,0.161511552,-0.031465165,-0.330315848,100.3923112,0.085076407
15-02-21,-0.158000729,0.064902858,#DIV/0!,0.696875255,#DIV/0!,#DIV/0!,0.473138985,0.69867512
16-02-21,0.060435463,-0.228453658,99.1996986,0.471943675,99.8392592,100.7453993,0.47693232,0.370589249
17-02-21,0.406245528,0.51476105,4.156921695,-0.207393674,-0.117485218,-0.97275217,-0.333187166,-0.22059323
18-02-21,-0.203297362,-0.084382289,-0.399058981,0.38993476,-0.172798192,-1.087748956,0.065454944,0.19710234
19-02-21,-0.264171781,-0.052008664,-1.05555499,-0.17031299,0.03426337,0.460124891,-0.884471678,-0.294694482
22-02-21,-0.072221246,-0.224436247,3.727366824,0.041713305,-0.359121525,-1.18421027,0.874980497,0.117880608
23-02-21,-0.131274367,-0.160510152,2.850763971,0.503566129,-0.062778985,-2.008432472,#DIV/0!,0.724444214
24-02-21,-0.085520647,-0.102301994,-1.582883668,0.024676709,-0.117638993,-0.477646271,101.1742171,0.142508249
25-02-21,0.025691248,-0.064465061,0.910358286,0.834490083,-0.018852048,-0.650409966,1.344360544,0.648124419
26-02-21,1.031973705,0.719059682,-2.798976896,-1.593885627,-0.002329932,0.860125046,-1.431122429,-1.436766737
01-03-21,0.604652821,0.073734466,0.965037868,1.299347517,0.423431398,1.573428659,1.528610761,1.174332043
02-03-21,-0.390808019,-0.152191048,-1.933799041,0.811680394,-0.000447971,0.079499095,0.939364812,0.695417302
03-03-21,-0.043541509,0.121900449,3.453241073,0.857854657,-0.123308228,-0.17341493,0.250174125,0.953067016
04-03-21,-0.544447549,0.31505377,-0.107368571,-1.24396578,0.061181722,-0.343929499,-1.246727701,-1.451185182
05-03-21,0.343350827,0.313998549,1.835662977,-0.6521509,0.333496506,1.057033458,-0.708933743,-0.688171905
08-03-21,0.002190754,0.239426869,0.522555718,0.493049052,0.049837716,-0.126024452,1.196347458,0.430260261
09-03-21,0.268646654,0.708694817,-1.135757599,0.535202885,0.282445544,2.40105913,0.019357697,0.620596837
10-03-21,-0.761514739,-0.480104292,-0.844256191,0.739475096,0.229806664,1.231251423,0.311124465,0.6836993
11-03-21,-0.096004909,0.052836418,0.588448324,#DIV/0!,0.176941435,1.526117841,-0.009039633,#DIV/0!
12-03-21,-0.092238801,-0.297883047,-1.034055677,101.7107045,-0.070745622,-1.320286752,0.25607391,101.9306843
15-03-21,0.060535089,0.331063981,1.873370317,-0.036926969,0.061296198,0.026816142,0.291161377,0.11688399
16-03-21,-0.231263924,0.05502581,-0.732348727,0.423603994,0.040483407,0.471065804,0.011429804,0.446663974
17-03-21,0.000557615,0.037172026,-1.595457744,0.144691261,-0.001301477,-0.995624126,-0.281670241,0.245220258
18-03-21,0.074968903,-0.396382476,-0.973010405,0.730707717,-0.265382932,-1.341855138,0.774902631,0.921840786
19-03-21,0.513425678,0.366126357,-1.857762547,-0.672563124,-0.012079839,0.028228535,-1.047862364,-0.588030512
22-03-21,-0.36434166,0.030504413,0,0.041251192,-0.079894386,0.47497551,-1.192669426,-0.052252892
23-03-21,-0.033846113,-0.345499486,-0.461897003,0.209628079,-0.122440967,0.029405327,0.715065583,0.217009494
24-03-21,0.319224967,0.466442276,-0.191311409,-0.538777946,0.147225107,0.474776755,-0.811001328,-0.703120417
25-03-21,0.045978682,-0.012626733,-1.803724361,0.044739514,-0.224559064,-0.903933316,0.180336797,0.150088304
26-03-21,-0.045169401,0.093511008,0.150712158,1.079667621,0.186224622,0.139667877,1.160647643,1.250400946
29-03-21,-0.22843786,-0.117362172,2.36234502,#DIV/0!,0.044230535,-0.26616901,1.025777949,#DIV/0!
30-03-21,0.405131887,0.106826921,0.224346126,98.39458841,-0.131527622,-0.389797371,-0.066186484,98.54093529
31-03-21,0.957719125,-0.068292289,-0.512043353,-0.176648224,0.148804783,0.582633206,-0.529045528,-0.226333664
01-04-21,-0.330309896,-0.176948734,1.470589906,0.718337092,0.220272311,1.242201962,0.895268796,0.724407498
02-04-21,0.114346237,-0.009662983,#DIV/0!,#DIV/0!,#DIV/0!,#DIV/0!,1.057784604,#DIV/0!
05-04-21,0.121018485,0.076577564,102.0060586,101.752648,99.09084988,99.19237731,0.766417824,101.3656451
06-04-21,-0.13168291,-0.318458058,0.226755359,0.572765506,-0.081279334,-0.17461862,0.402876089,0.675589575
07-04-21,0.286426726,-0.146390658,-0.591259883,0.152429588,0.044077235,-0.168605071,0.157579435,0.222350257
08-04-21,1.225108448,0.12761621,0.797414436,0.449280449,0.070526532,0.781310189,-0.18482022,0.380538845
09-04-21,0.191838924,-0.026125917,-0.598450894,-0.005687109,0.066925122,-0.304240717,0.525895289,0.059660773
12-04-21,0.247688987,0.099909211,0.76555316,-1.325453403,-0.075693191,-0.33032491,0.360100583,-1.329060719
13-04-21,0.348705187,-0.057464945,1.771397994,0.222792133,-0.071972228,0.374748657,0.225060041,0.372984024
14-04-21,0.253922443,-0.037312955,1.695843003,#DIV/0!,-0.024666744,0.057588115,-0.113260319,#DIV/0!
15-04-21,-0.169944114,-0.2889868,-0.591278088,99.40391758,0.169351994,0.893174519,-0.158858203,99.59503476
16-04-21,-0.399717397,-0.111685548,1.370864582,0.270434365,0.06482877,0.14481991,0.493173886,0.124159261
19-04-21,-0.249592045,0.029960384,0.145775928,-1.858672371,-0.053680286,-0.486962903,0.016678829,-2.167562099
20-04-21,0.420676279,-0.430303103,-0.543785685,1.097596474,-0.128467024,-0.147317374,-1.132287586,1.169874902
21-04-21,0.756809547,-0.006773255,-2.661749979,#DIV/0!,-0.038081502,-0.290318008,-1.543471949,#DIV/0!
22-04-21,-0.026126021,-0.016554478,-0.27407867,98.79585514,-0.081114768,0.017010538,1.275271854,98.7019433
23-04-21,-0.449848762,0.028580671,-0.472351254,-0.4529455,-0.033424619,0.306488868,-0.858185277,-0.556438434
26-04-21,-0.298518961,-0.153716157,-0.25545504,0.659113178,0.002184088,0.251579781,0.257017039,0.74629331
27-04-21,-0.093839176,-0.116146044,-0.255605715,0.076753633,-0.145480384,0.228029679,0.166594269,0.060054424
28-04-21,-0.32169805,0.069341373,-0.136611422,0.246311164,-0.368028845,-0.052945962,-0.194055608,0.386491324
29-04-21,-0.354181784,-0.194787942,1.110893938,0.723425542,0.103527148,1.089855845,#DIV/0!,0.7683851
30-04-21,-0.277982682,0.095815344,-2.134586463,-0.830322244,-0.211393915,-0.800844383,100.6387105,-1.008473629
03-05-21,-0.014703832,0.369980882,2.361741253,-0.875124409,0.088056927,0.497223796,#DIV/0!,-1.025340048
04-05-21,-0.348469714,-0.045126912,2.146995705,0.338025916,-0.096772097,-0.88466169,#DIV/0!,0.366292618
05-05-21,-0.079428372,0.468485009,1.136360763,0.648367409,0.090437406,0.718795939,#DIV/0!,0.7364311
06-05-21,0.027912646,-0.092871111,-0.094839218,0.409053,0.042750099,-0.180372131,98.95211378,0.342958822
07-05-21,-0.250225648,-0.172490713,0.614979533,#DIV/0!,0.085509474,0.656256715,-0.003133482,0.620986783
10-05-21,-0.443167228,-0.659987336,0.961895014,99.9871534,0.021609681,-0.482398629,0.064604963,0.703367356
11-05-21,0.285443157,0.111637873,-2.081760571,-0.886787834,-0.496312225,-2.136093537,-0.977955567,-1.027890269
12-05-21,-0.17022235,0.033187623,1.002456573,0.019454714,-0.186859455,-1.334743159,0.367740402,-0.185079409
13-05-21,0.415983482,0.566383198,-1.091744311,#DIV/0!,0.108984555,0.90865395,-0.796050431,#DIV/0!
14-05-21,-0.322285092,0.056252051,-0.379796361,100.3414123,0.085539079,0.972899079,0.981643756,100.4878155
17-05-21,-0.226396935,-0.041279101,0,0.520662836,-0.019925093,-0.457287064,0.812189091,0.525694597
18-05-21,-0.012557783,0.19175714,2.129625391,0.808771273,0.068673434,0.284513013,0.375755399,0.953460782
19-05-21,-0.196232491,-0.372074852,-0.595016181,-0.209446895,-0.33883476,-1.695140016,-1.339370717,-0.329338022
20-05-21,0.129471594,0.328900626,-1.672680561,0.138967218,0.030107012,0.420292111,-0.601280218,0.083517893
21-05-21,-0.275265418,-0.281747385,0.759297094,0.532486219,0.110389077,0.597210702,0.605128905,0.538704349
24-05-21,-0.153749835,0.028543473,0.414314928,0.368793248,0.133835193,0.631129889,-0.371976798,0.237205658
25-05-21,-0.100493996,-0.231893574,0.245609423,0.534034477,0.101070243,0.442039731,0.533658905,0.618404923
26-05-21,-0.043541209,-0.218818715,-0.150833012,0.513640956,0.069571048,0.267655465,-0.549403978,0.317614401
27-05-21,-0.182187914,-0.001511826,1.230424785,0.217706688,0.31747892,0.033414022,-0.34631373,0.146695923
28-05-21,0.015272855,-0.027939536,0.592592027,0.517378231,0.27182413,0.405633755,1.247124024,0.539987521
31-05-21,-0.399757144,-0.081635389,#DIV/0!,0.102700176,#DIV/0!,#DIV/0!,-0.450313849,0.01347389
01-06-21,0.129259506,-0.187022756,100.2004384,0.250448861,100.0256912,100.6739652,0.480907469,0.300809235
02-06-21,0.504845877,0.141400528,0.216448295,-0.358301264,0.113618698,0.04913931,-0.288567992,-0.349892781
03-06-21,0.146909945,-0.030995408,-1.020775706,0.520936242,-0.144807982,-0.738771207,-0.191856942,0.505722379
04-06-21,0.108282295,0.342834477,0.665465723,0.259289275,0.119840821,0.598938021,-0.541400229,0.141353141
07-06-21,-0.184336812,-0.216049958,0,0.250968584,0.028323784,-0.084066831,0.938964861,0.348215
08-06-21,-0.137751468,-0.113422344,-4.703441147,0.191689982,0.045091455,0.463921025,0.092492297,0.141358699
09-06-21,0.227338806,0.111814159,1.015994167,0.2422716,0.076464529,0.397651715,-0.214824254,0.167570256
10-06-21,0.013693863,0.088332846,0.300131013,0.386722753,0.160653139,0.157841382,-0.21085491,0.360597925
11-06-21,0.036980656,-0.059699234,1.707811745,0.336776482,0.09736282,0.074768763,0.246914163,0.371535517
14-06-21,0.2995954,0.183311743,0,0.033449311,-0.020591041,0.099122804,0.700844601,-0.050273807
15-06-21,-0.063261354,0.091199737,-0.926784046,0.379543862,0.009771511,-0.05329407,0.320055545,0.347216068
16-06-21,0.222376243,0.047461003,0,0.017447258,0.026892026,0.090382782,-0.461439047,-0.137941534
17-06-21,0.64937199,0.617556446,-0.360528698,-0.72573837,-0.057040217,-0.286341386,-0.488208389,-0.759970411
18-06-21,0.578827441,0.430923848,-2.210815111,0.467560918,-0.603032529,-0.459145956,0.408817252,0.415087408
21-06-21,-0.148227206,0.27221746,0.427685122,-0.869050161,0.064917814,0.120496854,-1.63236365,-1.000222272
22-06-21,-0.011731957,-0.104211182,2.121155306,0.59057946,-0.012991843,-0.022383844,1.738465414,0.595964559
23-06-21,0.265024577,0.041676667,0.781100846,0.618743818,0.008740971,0.070841806,0.009659127,0.574042778
24-06-21,-0.11488241,0.143472977,1.350332727,0.395628356,0.17449539,0.59527341,-0.218423581,0.318861139
25-06-21,-0.076293637,-0.158652694,-0.394512655,0.33662735,0.381256492,0.21656522,0.901633153,0.308312334
28-06-21,0.030584196,-0.004466696,0.285228229,0.382457856,-0.016737847,0.39598554,0.160012522,0.347777696
